<?xml version="1.0" encoding="UTF-8"?>
<rss xmlns:excerpt="http://wordpress.org/export/1.2/excerpt/" xmlns:content="http://purl.org/rss/1.0/modules/content/" xmlns:wfw="http://wellformedweb.org/CommentAPI/" xmlns:dc="http://purl.org/dc/elements/1.1/" xmlns:wp="http://wordpress.org/export/1.2/">
  <channel>
    <title>Empowering the nation</title>
    <link>https://oriole-khaki-a5mz.squarespace.com</link>
    <pubDate>Wed, 30 Oct 2024 13:25:45 +0000</pubDate>
    <description />
    <language>en-US</language>
    <wp:wxr_version>1.2</wp:wxr_version>
    <wp:author>
      <wp:author_id>1953631530</wp:author_id>
      <wp:author_login>thiyolan1019@gmail.com</wp:author_login>
      <wp:author_email>thiyolan1019@gmail.com</wp:author_email>
      <wp:author_display_name><![CDATA[thiyolan annand]]></wp:author_display_name>
      <wp:author_first_name><![CDATA[thiyolan]]></wp:author_first_name>
      <wp:author_last_name><![CDATA[annand]]></wp:author_last_name>
    </wp:author>
    <wp:author>
      <wp:author_id>595261147</wp:author_id>
      <wp:author_login>vramsoomair5@gmail.com</wp:author_login>
      <wp:author_email>vramsoomair5@gmail.com</wp:author_email>
      <wp:author_display_name><![CDATA[Vivek Ramsoomair]]></wp:author_display_name>
      <wp:author_first_name><![CDATA[Vivek]]></wp:author_first_name>
      <wp:author_last_name><![CDATA[Ramsoomair]]></wp:author_last_name>
    </wp:author>
    <wp:category>
      <wp:cat_name><![CDATA[null - null]]></wp:cat_name>
      <wp:category_nicename>null-null</wp:category_nicename>
      <wp:category_parent />
    </wp:category>
  </channel>
</rss>

